Candidate ID,First Name,Last Name,Email,Job Application ID,Job Application Created At
33950873,Deja,Macejkovic,deja_macejkovic+demo@example.org,38267395,2022-09-08T11:33:22.000+02:00
33950877,Josue,Abernathy,abernathy.josue+demo@example.org,38267399,2022-09-08T11:33:22.470+02:00
33950878,Jessia,Mayert,mayert_jessia+demo@example.org,38267400,2022-09-08T11:33:22.958+02:00
33950879,Aubrey,Haley,aubrey_haley+demo@example.com,38267401,2022-09-08T11:33:23.520+02:00
33950880,Amb.,Alexander Fisher,fisher_alexander_amb+demo@example.net,38267404,2022-09-08T11:33:25.185+02:00
33950884,Kyle,Konopelski,kyle.konopelski+demo@example.org,38267405,2022-09-08T11:33:26.033+02:00
33950885,Ines,Klein,klein.ines+demo@example.org,38267407,2022-09-08T11:33:27.039+02:00
33950886,Darrell,Spencer,spencer_darrell+demo@example.com,38267408,2022-09-08T11:33:27.835+02:00
33950888,Henry,Herzog,herzog.henry+demo@example.net,38267411,2022-09-08T11:33:28.901+02:00
33950872,Ronnie,Jerde,ronnie_jerde+demo@example.net,38269593,2022-09-08T12:02:37.900+02:00
